{"cameraMode":{"drawMode":0,"name":"Shaded","section":"Shading Mode"},"sceneLighting":false,"audioPlay":false,"sceneViewState":{"showFog":true,"showMaterialUpdate":false,"showSkybox":true,"showFlares":true,"showImageEffects":true,"showParticleSystems":true},"in2DMode":false,"pivot":{"x":442.9608154296875,"y":428.8245849609375,"z":-85.71073150634766},"rotation":{"x":-0.021307848393917085,"y":-0.006902039982378483,"z":0.00016164479893632233,"w":-0.9997755289077759},"size":376.7934265136719,"orthographic":false}