{"cameraMode":{"drawMode":0,"name":"Shaded","section":"Shading Mode"},"sceneLighting":false,"audioPlay":false,"sceneViewState":{"showFog":true,"showMaterialUpdate":false,"showSkybox":true,"showFlares":true,"showImageEffects":true,"showParticleSystems":true},"in2DMode":false,"pivot":{"x":-3.9843475818634035,"y":-2.4471631050109865,"z":20.688753128051759},"rotation":{"x":0.004189872648566961,"y":-0.02190580777823925,"z":-0.0000949026652961038,"w":-0.9997968077659607},"size":20.66970443725586,"orthographic":false}