{"cameraMode":{"drawMode":0,"name":"Shaded","section":"Shading Mode"},"sceneLighting":false,"audioPlay":false,"sceneViewState":{"showFog":true,"showMaterialUpdate":false,"showSkybox":true,"showFlares":true,"showImageEffects":true,"showParticleSystems":true},"in2DMode":false,"pivot":{"x":6.1513671875,"y":3.866288661956787,"z":22.132837295532228},"rotation":{"x":-0.13462378084659577,"y":-0.06327425688505173,"z":0.00866260752081871,"w":-0.9888764023780823},"size":9.312615394592286,"orthographic":false}