{"cameraMode":{"drawMode":0,"name":"Shaded","section":"Shading Mode"},"sceneLighting":false,"audioPlay":false,"sceneViewState":{"showFog":true,"showMaterialUpdate":false,"showSkybox":true,"showFlares":true,"showImageEffects":true,"showParticleSystems":true},"in2DMode":false,"pivot":{"x":-393.29998779296877,"y":-29.100000381469728,"z":-62.5},"rotation":{"x":-0.013188591226935387,"y":-0.026678046211600305,"z":-0.0003058426082134247,"w":0.9996641278266907},"size":37.38372802734375,"orthographic":false}