{"cameraMode":{"drawMode":0,"name":"Shaded","section":"Shading Mode"},"sceneLighting":false,"audioPlay":false,"sceneViewState":{"showFog":true,"showMaterialUpdate":false,"showSkybox":true,"showFlares":true,"showImageEffects":true,"showParticleSystems":true},"in2DMode":false,"pivot":{"x":-5.711264610290527,"y":7.68400239944458,"z":-5.442375183105469},"rotation":{"x":-0.02130836434662342,"y":-0.0009032735251821578,"z":0.000040835802792571485,"w":-0.9997988343238831},"size":8.203380584716797,"orthographic":false}