{"cameraMode":{"drawMode":0,"name":"Shaded","section":"Shading Mode"},"sceneLighting":false,"audioPlay":false,"sceneViewState":{"showFog":true,"showMaterialUpdate":false,"showSkybox":true,"showFlares":true,"showImageEffects":true,"showParticleSystems":true},"in2DMode":false,"pivot":{"x":2.583144187927246,"y":2.3620340824127199,"z":14.388981819152832},"rotation":{"x":-0.07969198375940323,"y":-0.02930592931807041,"z":0.002364902524277568,"w":-0.996415376663208},"size":11.556058883666993,"orthographic":false}