{"cameraMode":{"drawMode":0,"name":"Shaded","section":"Shading Mode"},"sceneLighting":false,"audioPlay":false,"sceneViewState":{"showFog":true,"showMaterialUpdate":false,"showSkybox":true,"showFlares":true,"showImageEffects":true,"showParticleSystems":true},"in2DMode":false,"pivot":{"x":-0.9050594568252564,"y":4.874510288238525,"z":21.649930953979493},"rotation":{"x":-0.009307359345257283,"y":-0.017408033832907678,"z":0.0002026599831879139,"w":-0.9998676776885986},"size":24.064990997314454,"orthographic":false}